id;name;description;image
1;Jordanian Tilsitt;optical Cotton;payment Serbian
2;Account mindshare;a Automotive Berkshire;web-enabled Cambridgeshire haptic
3;Cambridgeshire;ROI Lepic;Ingenieur transparent Metal
4;Practical Champagne-Ardenne;cyan Computers Kids;area composite AI
5;b;Metal Allemagne override;Stagiaire Plastic
6;overriding Picardie orchid;Soudan Frozen Bedfordshire;Awesome
7;Loire navigate;Buckinghamshire;Business-focused Concrete Consultant
8;Home Tuna Pays;visualize backing a;complexity Account a
9;sticky Borders reciprocal;wireless;b Bourgogne Midi-Pyrénées
10;Chips Loan Fresh;Cap-Vert Multi-channelled Armenian;protocol archive paradigm
