id;name;file;file_content_type
1;Savings;../fake-data/blob/hipster.png;image/png
2;duX;../fake-data/blob/hipster.png;image/png
3;Rustic;../fake-data/blob/hipster.png;image/png
4;ofX;../fake-data/blob/hipster.png;image/png
5;Saint-Bernard Team-oriented bypass;../fake-data/blob/hipster.png;image/png
6;maximize primary Pre-emptive;../fake-data/blob/hipster.png;image/png
7;reinvent;../fake-data/blob/hipster.png;image/png
8;invoice;../fake-data/blob/hipster.png;image/png
9;Ouganda c Yuan;../fake-data/blob/hipster.png;image/png
10;Soft Lepic brand;../fake-data/blob/hipster.png;image/png
