id;fullname;first_name;last_name;phone;mail
1;Tools;Catherine;Gonzalez;0674581607;e-services Bedfordshire
2;c;Assomption;Roux;+33 467913587;matrix
3;vertical SAS Awesome;Loup;Masson;+33 296543774;Limousin
4;invoice;Pétronille;Pierre;+33 404930889;synthesizing
5;Music du;Joanny;Renaud;0458486119;TCP sticky
6;Bedfordshire Bhoutan;Camillien;Remy;+33 330741148;Shoes
7;a synthesizing;Maxime;Thomas;0114813499;card compress connecting
8;withdrawal Robust Dauphine;Sylvain;Laurent;+33 121437977;Producteur
9;Fresh Chicken;Adélaïde;Giraud;0153883876;Handcrafted
10;program reinvent Dauphine;Antonin;Masson;+33 115833797;Vaneau tan Producteur
