id;name;description;price;image;tva
1;Steel;Consultant;57374;monetize Producteur wireless;16316
2;reboot;deposit Saussaies actuating;64964;b;13165
3;Card;navigating Franche-Comté;32061;Kirghizistan transmitting Niger;49167
4;Generic;Liban;29161;Small digital Midi-Pyrénées;37638
5;throughput;c distributed;20505;Sports COM a;5182
6;Shirt Salvador;la CSS;15521;Keyboard;88935
7;Ball pixel;Account;68319;cross-platform;78011
8;online virtual;hacking;36445;Sleek applications;95618
9;c;sticky Francs-Bourgeois Automotive;41021;Ergonomic Ergonomic;5859
10;deposit;Cambridgeshire Chair;31837;b Chicken;61811
